Year,Month,Births,cpi index,UnemploymentRate,Maternities,Live Births,BMI (Obesity %),Diabetes %,Induction %,Method of Birth,Preterm%,FulltTerm%,Neonatal mortality %,SGA%,AGA%,LGA%,Unnamed: 1,total,female%
1954,Jan,"7,716",,,,,,,,,,,,,,,,,
1955,Jan,"7,849",,,,,,,,,,,,,,,,,
1956,Jan,"8,223",,,,,,,,,,,,,,,,,
1957,Jan,"8,476",,,,,,,,,,,,,,,,,
1958,Jan,"8,642",,,,,,,,,,,,,,,,,
1959,Jan,"8,932",,,,,,,,,,,,,,,,,
1960,Jan,"8,105",,,,,,,,,,,,,,,,,
1961,Jan,"8,567",,,,,,,,,,,,,,,,,
1962,Jan,"9,065",,,,,,,,,,,,,,,,,
1963,Jan,"8,850",,,,,,,,,,,,,,,,,
1964,Jan,"8,854",,,,,,,,,,,,,,,,,
1965,Jan,"8,580",,,,,,,,,,,,,,,,,
1966,Jan,"8,006",,,,,,,,,,,,,,,,,
1967,Jan,"8,694",,,,,,,,,,,,,,,,,
1968,Jan,"8,570",,,,,,,,,,,,,,,,,
1969,Jan,"8,317",,,,,,,,,,,,,,,,,
1970,Jan,"7,347",,,,,,,,,,,,,,,,,
1971,Jan,"7,226",,4.1,,,,,,,,,,,,,,,
1972,Jan,"6,824",,4.3,,,,,,,,,,,,,,,
1973,Jan,"6,779",,3.7,,,,,,,,,,,,,,,
1974,Jan,"6,305",,3.7,,,,,,,,,,,,,,,
1975,Jan,"6,101",,4.5,,,,,,,,,,,,,,,
1976,Jan,"5,669",,5.4,,,,,,,,,,,,,,,
1977,Jan,"5,117",,5.6,,,,,,,,,,,,,,,
1978,Jan,"5,262",,5.5,,,,,,,,,,,,,,,
1979,Jan,"5,897",,5.4,,,,,,,,,,,,,,,
1980,Jan,"5,724",,6.8,,,,,,,,,,,,,,,
1981,Jan,"6,052",,9.6,,,,,,,,,,,,,,,
1982,Jan,"5,472",,10.7,,,,,,,,,,,,,,,
1983,Jan,"5,499",,11.5,,,,,,,,,,,,,,,
1984,Jan,"5,383",,11.8,,,,,,,,,,,,,,,
1985,Jan,"5,683",,11.4,,,,,,,,,,,,,,,
1986,Jan,"5,578",,11.3,,,,,,,,,,,,,,,
1987,Jan,"5,540",,10.4,,,,,,,,,,,,,,,
1988,Jan,"5,476",,8.6,,,,,,,,,,,,,,,
1989,Jan,"5,525",,7.2,,,,,,,,,,,,,,,
1990,Jan,"5,725",,7.1,,,,,,,,,,,,,,,
1991,Jan,"5,943",,8.9,,,,,,,,,,,,,,,
1992,Jan,"5,886",,9.9,,,,,,,,,,,,,,,
1993,Jan,"5,333",,10.4,,,,,,,,,,,,,,,
1994,Jan,"5,338",,9.5,,,,,,,,,,,,,,,
1995,Jan,"5,313",,8.6,,,,,,,,,,,,,,,
1996,Jan,"5,371",,8.1,,,,,,,,,,,,,,,
1997,Jan,"5,346",,6.9,,,,,,,,,,,,,,,
1998,Jan,"4,924",70.254,6.2,,,,,,,,,,,,,,1845757.0,0.539
1999,Jan,"4,635",71.367,6.0,,,,,,,,,,,,,,1856330.0,0.546
2000,Jan,"4,696",71.936,5.4,,,,,,,,,,,,,,1990625.0,0.558
2001,Jan,"4,929",72.553,5.1,,,,,,,,,,,,,,2086075.0,0.562
2002,Jan,"4,561",73.736,5.2,,,,,,,,,,,,,,2175115.0,0.566
2003,Jan,"4,664",74.721,5.0,,,,,,,,,,,,,,2247440.0,0.569
2004,Jan,"4,617",75.786,4.8,,,,,,,,,,,,,,2287540.0,0.571
2005,Jan,"4,688",77.015,4.8,,,,,,,,,,,,,,2423590.0,57.3
2006,Jan,"4,839",78.514,5.4,,,,,,,,,,,,,,2478425.0,57.2
2007,Jan,"5,196",80.645,5.3,,,,,,,,,,,,,,2399795.0,56.9
2008,Jan,"5,490",82.407,5.7,,,,,,,,,,,,,,2465185.0,56.6
2009,Jan,"5,224",84.878,7.6,,,,,,,,,,,,,,25510341.0,56.7
2010,Jan,"5,151",87.828,7.9,57041.0,57696.0,20.7364501448076,1.09533175740296,23.841764929631,26.5,7.1,92.9,10.7842799572899,7.53619665983819,80.1968681642998,12.2669351758619,,2560000.0,0.564
2011,Jan,"5,346",91.312,8.1,57371.0,57952.0,21.1977090121632,1.40390310036034,24.523047193225,27.7,7.2,92.8,10.0769550748752,7.4105445116681,79.8254105445116,12.7640449438202,,2500000.0,56.4
2012,Jan,"5,283",94.577,7.9,55820.0,56406.0,21.0856690023356,2.14327657075748,26.2228818027376,27.3,7.2,92.8,12.0133903920485,7.09116449439001,80.0778818969042,12.8309536087057,,2340275.0,0.562
2013,Jan,"5,296",97.144,7.6,54709.0,55274.0,21.5330680310782,2.60000749821917,28.5579736283114,29.3,7.4,92.6,11.8285288799063,6.90043604651162,80.4142441860465,12.6853197674418,,2299355.0,56.42
2014,Jan,"5,242",98.979,6.2,54725.0,55365.0,21.6471378461079,2.88055810813345,30.5282258064516,30.2,7.7,92.3,11.157144407859,6.53032260412307,80.5072872504958,12.9623901453811,,2280830.0,56.5
2015,Jan,"4,791",99.258,5.4,53981.0,54572.0,22.7280483874025,3.02900547343336,32.4298931802863,31.2,8.2,91.8,11.144224690689,5.94506852599929,80.6411746260122,13.4137568479884,,2315840.0,56.9
2016,Jan,"4,649",99.549,4.9,53045.0,53644.0,23.7139561707035,3.34110334110334,33.5913474613501,31.7,8.3,91.7,12.3231693908964,5.85373213140723,80.8037566476822,13.3425112209104,,2378020.0,57.1
2017,Jan,"4,735",101.356,4.4,51415.0,51937.0,24.2762897754469,3.94683523786368,35.0991239210452,32.6,8.3,91.7,11.9845649094027,5.68700058468134,80.6548431105047,13.6581563048138,,2343095.0,56.7
2018,Jan,"4,831",104.386,4.1,49977.0,50559.0,24.8405695815497,5.3534707307042,33.9263613861386,33.5,8.6,91.4,11.6159963032135,5.17785228242109,81.0740571745987,13.7480905429801,,2383970.0,56.43
2019,Jan,"4,833",106.315,3.8,48088.0,48648.0,25.0352026105808,5.46910311874475,34.3183636155867,34.4,8.4,91.6,11.315492790601,5.25621741907568,80.870747738652,13.8730348422722,,2552000.0,56.5
2020,Jan,"4,515",108.196,4.6,45715.0,46188.0,25.9100002299432,6.30839022637441,34.3754498776332,36.0,8.1,91.9,10.7856438085841,4.95380210818548,80.4016830781243,14.6445148136901,,2751865.0,56.2
2021,Jan,"3,721",108.954,4.6,47113.0,47571.0,27.2210821903013,7.94460330331612,34.3500834414982,37.5,8.1,91.9,9.46133194769204,4.78096040438079,80.4001684919966,14.8188711036225,,2865194.0,56.7
2022,Jan,"4,194",114.898,3.8,44714.0,45217.0,27.918132395267,8.14410529389304,35.2116466846097,39.2,8.4,91.6,9.31029408673351,4.99867056633874,81.0489231587343,13.9524062749268,,2937155.0,56.9
2023,Jan,"4,163",126.447,4.1,,,,,,,,,,,,,,,
2020,Jan,,108.196,4.6,45715.0,46188.0,25.9100002299432,6.30839022637441,34.3754498776332,36.0,8.1,91.9,10.7856438085841,4.95380210818548,80.4016830781243,14.6445148136901,,2751865.0,56.2
2024,Jan,,131.481,4.3,,,,,,,,,,,,,,,
1954,Feb,"7,161",,,,,,,,,,,,,,,,,
1955,Feb,"7,007",,,,,,,,,,,,,,,,,
1956,Feb,"7,627",,,,,,,,,,,,,,,,,
1957,Feb,"7,775",,,,,,,,,,,,,,,,,
1958,Feb,"7,768",,,,,,,,,,,,,,,,,
1959,Feb,"7,813",,,,,,,,,,,,,,,,,
1960,Feb,"8,170",,,,,,,,,,,,,,,,,
1961,Feb,"7,975",,,,,,,,,,,,,,,,,
1962,Feb,"7,944",,,,,,,,,,,,,,,,,
1963,Feb,"7,972",,,,,,,,,,,,,,,,,
1964,Feb,"8,369",,,,,,,,,,,,,,,,,
1965,Feb,"7,868",,,,,,,,,,,,,,,,,
1966,Feb,"7,571",,,,,,,,,,,,,,,,,
1967,Feb,"7,476",,,,,,,,,,,,,,,,,
1968,Feb,"7,697",,,,,,,,,,,,,,,,,
1969,Feb,"7,161",,,,,,,,,,,,,,,,,
1970,Feb,"6,622",,,,,,,,,,,,,,,,,
1971,Feb,"6,739",,4.1,,,,,,,,,,,,,,,
1972,Feb,"6,521",,4.3,,,,,,,,,,,,,,,
1973,Feb,"5,949",,3.7,,,,,,,,,,,,,,,
1974,Feb,"5,386",,3.7,,,,,,,,,,,,,,,
1975,Feb,"5,212",,4.5,,,,,,,,,,,,,,,
1976,Feb,"5,126",,5.4,,,,,,,,,,,,,,,
1977,Feb,"4,772",,5.6,,,,,,,,,,,,,,,
1978,Feb,"4,902",,5.5,,,,,,,,,,,,,,,
1979,Feb,"4,996",,5.4,,,,,,,,,,,,,,,
1980,Feb,"5,476",,6.8,,,,,,,,,,,,,,,
1981,Feb,"5,333",,9.6,,,,,,,,,,,,,,,
1982,Feb,"5,106",,10.7,,,,,,,,,,,,,,,
1983,Feb,"4,964",,11.5,,,,,,,,,,,,,,,
1984,Feb,"4,937",,11.8,,,,,,,,,,,,,,,
1985,Feb,"4,993",,11.4,,,,,,,,,,,,,,,
1986,Feb,"4,859",,11.3,,,,,,,,,,,,,,,
1987,Feb,"5,019",,10.4,,,,,,,,,,,,,,,
1988,Feb,"5,437",,8.6,,,,,,,,,,,,,,,
1989,Feb,"4,768",,7.2,,,,,,,,,,,,,,,
1990,Feb,"4,926",,7.1,,,,,,,,,,,,,,,
1991,Feb,"5,069",,8.9,,,,,,,,,,,,,,,
1992,Feb,"4,950",,9.9,,,,,,,,,,,,,,,
1993,Feb,"4,783",,10.4,,,,,,,,,,,,,,,
1994,Feb,"4,692",,9.5,,,,,,,,,,,,,,,
1995,Feb,"4,585",,8.6,,,,,,,,,,,,,,,
1996,Feb,"4,682",,8.1,,,,,,,,,,,,,,,
1997,Feb,"4,581",,6.9,,,,,,,,,,,,,,,
1998,Feb,"4,308",70.498,6.2,,,,,,,,,,,,,,1845757.0,0.539
1999,Feb,"4,287",71.489,6.0,,,,,,,,,,,,,,1856330.0,0.546
2000,Feb,"4,296",72.159,5.4,,,,,,,,,,,,,,1990625.0,0.558
2001,Feb,"4,063",72.749,5.1,,,,,,,,,,,,,,2086075.0,0.562
2002,Feb,"3,797",73.824,5.2,,,,,,,,,,,,,,2175115.0,0.566
2003,Feb,"3,987",74.989,5.0,,,,,,,,,,,,,,2247440.0,0.569
2004,Feb,"4,148",75.953,4.8,,,,,,,,,,,,,,2287540.0,0.571
2005,Feb,"4,047",77.208,4.8,,,,,,,,,,,,,,2423590.0,57.3
2006,Feb,"4,044",78.779,5.4,,,,,,,,,,,,,,2478425.0,57.2
2007,Feb,"4,256",80.983,5.3,,,,,,,,,,,,,,2399795.0,56.9
2008,Feb,"4,779",82.997,5.7,,,,,,,,,,,,,,2465185.0,56.6
2009,Feb,"4,393",85.613,7.6,,,,,,,,,,,,,,25510341.0,56.7
2010,Feb,"4,387",88.152,7.9,57041.0,57696.0,20.7364501448076,1.09533175740296,23.841764929631,26.5,7.1,92.9,10.7842799572899,7.53619665983819,80.1968681642998,12.2669351758619,,2560000.0,0.564
2011,Feb,"4,416",91.987,8.1,57371.0,57952.0,21.1977090121632,1.40390310036034,24.523047193225,27.7,7.2,92.8,10.0769550748752,7.4105445116681,79.8254105445116,12.7640449438202,,2500000.0,56.4
2012,Feb,"4,560",95.147,7.9,55820.0,56406.0,21.0856690023356,2.14327657075748,26.2228818027376,27.3,7.2,92.8,12.0133903920485,7.09116449439001,80.0778818969042,12.8309536087057,,2340275.0,0.562
2013,Feb,"4,332",97.795,7.6,54709.0,55274.0,21.5330680310782,2.60000749821917,28.5579736283114,29.3,7.4,92.6,11.8285288799063,6.90043604651162,80.4142441860465,12.6853197674418,,2299355.0,56.42
2014,Feb,"4,201",99.481,6.2,54725.0,55365.0,21.6471378461079,2.88055810813345,30.5282258064516,30.2,7.7,92.3,11.157144407859,6.53032260412307,80.5072872504958,12.9623901453811,,2280830.0,56.5
2015,Feb,"4,137",99.512,5.4,53981.0,54572.0,22.7280483874025,3.02900547343336,32.4298931802863,31.2,8.2,91.8,11.144224690689,5.94506852599929,80.6411746260122,13.4137568479884,,2315840.0,56.9
2016,Feb,"4,220",99.795,4.9,53045.0,53644.0,23.7139561707035,3.34110334110334,33.5913474613501,31.7,8.3,91.7,12.3231693908964,5.85373213140723,80.8037566476822,13.3425112209104,,2378020.0,57.1
2017,Feb,"3,994",102.088,4.4,51415.0,51937.0,24.2762897754469,3.94683523786368,35.0991239210452,32.6,8.3,91.7,11.9845649094027,5.68700058468134,80.6548431105047,13.6581563048138,,2343095.0,56.7
2018,Feb,"3,799",104.853,4.1,49977.0,50559.0,24.8405695815497,5.3534707307042,33.9263613861386,33.5,8.6,91.4,11.6159963032135,5.17785228242109,81.0740571745987,13.7480905429801,,2383970.0,56.43
2019,Feb,"3,812",106.813,3.8,48088.0,48648.0,25.0352026105808,5.46910311874475,34.3183636155867,34.4,8.4,91.6,11.315492790601,5.25621741907568,80.870747738652,13.8730348422722,,2552000.0,56.5
2020,Feb,"3,766",108.639,4.6,45715.0,46188.0,25.9100002299432,6.30839022637441,34.3754498776332,36.0,8.1,91.9,10.7856438085841,4.95380210818548,80.4016830781243,14.6445148136901,,2751865.0,56.2
2021,Feb,"3,620",109.089,4.6,47113.0,47571.0,27.2210821903013,7.94460330331612,34.3500834414982,37.5,8.1,91.9,9.46133194769204,4.78096040438079,80.4001684919966,14.8188711036225,,2865194.0,56.7
2022,Feb,"3,837",115.827,3.8,44714.0,45217.0,27.918132395267,8.14410529389304,35.2116466846097,39.2,8.4,91.6,9.31029408673351,4.99867056633874,81.0489231587343,13.9524062749268,,2937155.0,56.9
2023,Feb,"3,558",127.892,4.1,,,,,,,,,,,,,,,
2020,Feb,,108.639,4.6,45715.0,46188.0,25.9100002299432,6.30839022637441,34.3754498776332,36.0,8.1,91.9,10.7856438085841,4.95380210818548,80.4016830781243,14.6445148136901,,2751865.0,56.2
2024,Feb,,132.255,4.3,,,,,,,,,,,,,,,
1954,Mar,"8,579",,,,,,,,,,,,,,,,,
1955,Mar,"8,255",,,,,,,,,,,,,,,,,
1956,Mar,"8,744",,,,,,,,,,,,,,,,,
1957,Mar,"8,508",,,,,,,,,,,,,,,,,
1958,Mar,"8,690",,,,,,,,,,,,,,,,,
1959,Mar,"8,733",,,,,,,,,,,,,,,,,
1960,Mar,"8,955",,,,,,,,,,,,,,,,,
1961,Mar,"9,056",,,,,,,,,,,,,,,,,
1962,Mar,"9,477",,,,,,,,,,,,,,,,,
1963,Mar,"9,060",,,,,,,,,,,,,,,,,
1964,Mar,"8,893",,,,,,,,,,,,,,,,,
1965,Mar,"9,374",,,,,,,,,,,,,,,,,
1966,Mar,"8,485",,,,,,,,,,,,,,,,,
1967,Mar,"9,104",,,,,,,,,,,,,,,,,
1968,Mar,"8,239",,,,,,,,,,,,,,,,,
1969,Mar,"8,117",,,,,,,,,,,,,,,,,
1970,Mar,"7,717",,,,,,,,,,,,,,,,,
1971,Mar,"8,236",,4.1,,,,,,,,,,,,,,,
1972,Mar,"7,126",,4.3,,,,,,,,,,,,,,,
1973,Mar,"6,731",,3.7,,,,,,,,,,,,,,,
1974,Mar,"5,889",,3.7,,,,,,,,,,,,,,,
1975,Mar,"5,459",,4.5,,,,,,,,,,,,,,,
1976,Mar,"6,360",,5.4,,,,,,,,,,,,,,,
1977,Mar,"5,505",,5.6,,,,,,,,,,,,,,,
1978,Mar,"5,611",,5.5,,,,,,,,,,,,,,,
1979,Mar,"5,816",,5.4,,,,,,,,,,,,,,,
1980,Mar,"5,510",,6.8,,,,,,,,,,,,,,,
1981,Mar,"6,150",,9.6,,,,,,,,,,,,,,,
1982,Mar,"5,997",,10.7,,,,,,,,,,,,,,,
1983,Mar,"5,631",,11.5,,,,,,,,,,,,,,,
1984,Mar,"5,347",,11.8,,,,,,,,,,,,,,,
1985,Mar,"5,287",,11.4,,,,,,,,,,,,,,,
1986,Mar,"5,086",,11.3,,,,,,,,,,,,,,,
1987,Mar,"5,529",,10.4,,,,,,,,,,,,,,,
1988,Mar,"6,006",,8.6,,,,,,,,,,,,,,,
1989,Mar,"5,603",,7.2,,,,,,,,,,,,,,,
1990,Mar,"5,496",,7.1,,,,,,,,,,,,,,,
1991,Mar,"5,374",,8.9,,,,,,,,,,,,,,,
1992,Mar,"5,639",,9.9,,,,,,,,,,,,,,,
1993,Mar,"5,660",,10.4,,,,,,,,,,,,,,,
1994,Mar,"5,534",,9.5,,,,,,,,,,,,,,,
1995,Mar,"5,219",,8.6,,,,,,,,,,,,,,,
1996,Mar,"4,476",,8.1,,,,,,,,,,,,,,,
1997,Mar,"4,356",,6.9,,,,,,,,,,,,,,,
1998,Mar,"4,919",70.7,6.2,,,,,,,,,,,,,,1845757.0,0.539
1999,Mar,"4,951",71.88,6.0,,,,,,,,,,,,,,1856330.0,0.546
2000,Mar,"4,709",72.338,5.4,,,,,,,,,,,,,,1990625.0,0.558
2001,Mar,"4,543",72.995,5.1,,,,,,,,,,,,,,2086075.0,0.562
2002,Mar,"4,016",74.116,5.2,,,,,,,,,,,,,,2175115.0,0.566
2003,Mar,"4,113",75.255,5.0,,,,,,,,,,,,,,2247440.0,0.569
2004,Mar,"4,694",76.088,4.8,,,,,,,,,,,,,,2287540.0,0.571
2005,Mar,"4,621",77.542,4.8,,,,,,,,,,,,,,2423590.0,57.3
2006,Mar,"4,685",78.946,5.4,,,,,,,,,,,,,,2478425.0,57.2
2007,Mar,"4,757",81.366,5.3,,,,,,,,,,,,,,2399795.0,56.9
2008,Mar,"4,837",83.369,5.7,,,,,,,,,,,,,,2465185.0,56.6
2009,Mar,"4,888",85.759,7.6,,,,,,,,,,,,,,25510341.0,56.7
2010,Mar,"5,131",88.661,7.9,57041.0,57696.0,20.7364501448076,1.09533175740296,23.841764929631,26.5,7.1,92.9,10.7842799572899,7.53619665983819,80.1968681642998,12.2669351758619,,2560000.0,0.564
2011,Mar,"4,851",92.241,8.1,57371.0,57952.0,21.1977090121632,1.40390310036034,24.523047193225,27.7,7.2,92.8,10.0769550748752,7.4105445116681,79.8254105445116,12.7640449438202,,2500000.0,56.4
2012,Mar,"4,929",95.433,7.9,55820.0,56406.0,21.0856690023356,2.14327657075748,26.2228818027376,27.3,7.2,92.8,12.0133903920485,7.09116449439001,80.0778818969042,12.8309536087057,,2340275.0,0.562
2013,Mar,"4,234",98.135,7.6,54709.0,55274.0,21.5330680310782,2.60000749821917,28.5579736283114,29.3,7.4,92.6,11.8285288799063,6.90043604651162,80.4142441860465,12.6853197674418,,2299355.0,56.42
2014,Mar,"4,487",99.711,6.2,54725.0,55365.0,21.6471378461079,2.88055810813345,30.5282258064516,30.2,7.7,92.3,11.157144407859,6.53032260412307,80.5072872504958,12.9623901453811,,2280830.0,56.5
2015,Mar,"4,391",99.701,5.4,53981.0,54572.0,22.7280483874025,3.02900547343336,32.4298931802863,31.2,8.2,91.8,11.144224690689,5.94506852599929,80.6411746260122,13.4137568479884,,2315840.0,56.9
2016,Mar,"4,438",100.162,4.9,53045.0,53644.0,23.7139561707035,3.34110334110334,33.5913474613501,31.7,8.3,91.7,12.3231693908964,5.85373213140723,80.8037566476822,13.3425112209104,,2378020.0,57.1
2017,Mar,"4,523",102.482,4.4,51415.0,51937.0,24.2762897754469,3.94683523786368,35.0991239210452,32.6,8.3,91.7,11.9845649094027,5.68700058468134,80.6548431105047,13.6581563048138,,2343095.0,56.7
2018,Mar,"4,061",105.001,4.1,49977.0,50559.0,24.8405695815497,5.3534707307042,33.9263613861386,33.5,8.6,91.4,11.6159963032135,5.17785228242109,81.0740571745987,13.7480905429801,,2383970.0,56.43
2019,Mar,"3,973",107.004,3.8,48088.0,48648.0,25.0352026105808,5.46910311874475,34.3183636155867,34.4,8.4,91.6,11.315492790601,5.25621741907568,80.870747738652,13.8730348422722,,2552000.0,56.5
2020,Mar,"2,741",108.634,4.6,45715.0,46188.0,25.9100002299432,6.30839022637441,34.3754498776332,36.0,8.1,91.9,10.7856438085841,4.95380210818548,80.4016830781243,14.6445148136901,,2751865.0,56.2
2021,Mar,"4,170",109.41,4.6,47113.0,47571.0,27.2210821903013,7.94460330331612,34.3500834414982,37.5,8.1,91.9,9.46133194769204,4.78096040438079,80.4001684919966,14.8188711036225,,2865194.0,56.7
2022,Mar,"4,095",117.094,3.8,44714.0,45217.0,27.918132395267,8.14410529389304,35.2116466846097,39.2,8.4,91.6,9.31029408673351,4.99867056633874,81.0489231587343,13.9524062749268,,2937155.0,56.9
2023,Mar,"3,929",128.87,4.1,,,,,,,,,,,,,,,
2020,Mar,,108.634,4.6,45715.0,46188.0,25.9100002299432,6.30839022637441,34.3754498776332,36.0,8.1,91.9,10.7856438085841,4.95380210818548,80.4016830781243,14.6445148136901,,2751865.0,56.2
2024,Mar,,133.03,4.3,,,,,,,,,,,,,,,
1954,Apr,"8,084",,,,,,,,,,,,,,,,,
1955,Apr,"8,152",,,,,,,,,,,,,,,,,
1956,Apr,"8,242",,,,,,,,,,,,,,,,,
1957,Apr,"8,481",,,,,,,,,,,,,,,,,
1958,Apr,"8,783",,,,,,,,,,,,,,,,,
1959,Apr,"8,569",,,,,,,,,,,,,,,,,
1960,Apr,"8,721",,,,,,,,,,,,,,,,,
1961,Apr,"8,458",,,,,,,,,,,,,,,,,
1962,Apr,"8,549",,,,,,,,,,,,,,,,,
1963,Apr,"8,895",,,,,,,,,,,,,,,,,
1964,Apr,"8,962",,,,,,,,,,,,,,,,,
1965,Apr,"8,651",,,,,,,,,,,,,,,,,
1966,Apr,"7,947",,,,,,,,,,,,,,,,,
1967,Apr,"7,593",,,,,,,,,,,,,,,,,
1968,Apr,"8,050",,,,,,,,,,,,,,,,,
1969,Apr,"7,741",,,,,,,,,,,,,,,,,
1970,Apr,"7,635",,,,,,,,,,,,,,,,,
1971,Apr,"7,265",,4.1,,,,,,,,,,,,,,,
1972,Apr,"6,240",,4.3,,,,,,,,,,,,,,,
1973,Apr,"6,076",,3.7,,,,,,,,,,,,,,,
1974,Apr,"5,862",,3.7,,,,,,,,,,,,,,,
1975,Apr,"5,944",,4.5,,,,,,,,,,,,,,,
1976,Apr,"5,575",,5.4,,,,,,,,,,,,,,,
1977,Apr,"4,901",,5.6,,,,,,,,,,,,,,,
1978,Apr,"4,852",,5.5,,,,,,,,,,,,,,,
1979,Apr,"5,725",,5.4,,,,,,,,,,,,,,,
1980,Apr,"5,973",,6.8,,,,,,,,,,,,,,,
1981,Apr,"5,739",,9.6,,,,,,,,,,,,,,,
1982,Apr,"5,658",,10.7,,,,,,,,,,,,,,,
1983,Apr,"5,227",,11.5,,,,,,,,,,,,,,,
1984,Apr,"5,154",,11.8,,,,,,,,,,,,,,,
1985,Apr,"5,786",,11.4,,,,,,,,,,,,,,,
1986,Apr,"6,000",,11.3,,,,,,,,,,,,,,,
1987,Apr,"5,462",,10.4,,,,,,,,,,,,,,,
1988,Apr,"5,376",,8.6,,,,,,,,,,,,,,,
1989,Apr,"4,973",,7.2,,,,,,,,,,,,,,,
1990,Apr,"5,287",,7.1,,,,,,,,,,,,,,,
1991,Apr,"5,709",,8.9,,,,,,,,,,,,,,,
1992,Apr,"5,529",,9.9,,,,,,,,,,,,,,,
1993,Apr,"5,286",,10.4,,,,,,,,,,,,,,,
1994,Apr,"5,027",,9.5,,,,,,,,,,,,,,,
1995,Apr,"4,626",,8.6,,,,,,,,,,,,,,,
1996,Apr,"4,885",,8.1,,,,,,,,,,,,,,,
1997,Apr,"5,500",,6.9,,,,,,,,,,,,,,,
1998,Apr,"4,807",71.072,6.2,,,,,,,,,,,,,,1845757.0,0.539
1999,Apr,"4,703",72.168,6.0,,,,,,,,,,,,,,1856330.0,0.546
2000,Apr,"3,988",72.573,5.4,,,,,,,,,,,,,,1990625.0,0.558
2001,Apr,"4,169",73.42,5.1,,,,,,,,,,,,,,2086075.0,0.562
2002,Apr,"4,332",74.426,5.2,,,,,,,,,,,,,,2175115.0,0.566
2003,Apr,"4,244",75.502,5.0,,,,,,,,,,,,,,2247440.0,0.569
2004,Apr,"4,458",76.358,4.8,,,,,,,,,,,,,,2287540.0,0.571
2005,Apr,"4,427",77.843,4.8,,,,,,,,,,,,,,2423590.0,57.3
2006,Apr,"4,202",79.423,5.4,,,,,,,,,,,,,,2478425.0,57.2
2007,Apr,"4,573",81.622,5.3,,,,,,,,,,,,,,2399795.0,56.9
2008,Apr,"4,906",84.046,5.7,,,,,,,,,,,,,,2465185.0,56.6
2009,Apr,"5,030",85.963,7.6,,,,,,,,,,,,,,25510341.0,56.7
2010,Apr,"4,946",89.17,7.9,57041.0,57696.0,20.7364501448076,1.09533175740296,23.841764929631,26.5,7.1,92.9,10.7842799572899,7.53619665983819,80.1968681642998,12.2669351758619,,2560000.0,0.564
2011,Apr,"4,474",93.163,8.1,57371.0,57952.0,21.1977090121632,1.40390310036034,24.523047193225,27.7,7.2,92.8,10.0769550748752,7.4105445116681,79.8254105445116,12.7640449438202,,2500000.0,56.4
2012,Apr,"4,630",95.999,7.9,55820.0,56406.0,21.0856690023356,2.14327657075748,26.2228818027376,27.3,7.2,92.8,12.0133903920485,7.09116449439001,80.0778818969042,12.8309536087057,,2340275.0,0.562
2013,Apr,"4,831",98.323,7.6,54709.0,55274.0,21.5330680310782,2.60000749821917,28.5579736283114,29.3,7.4,92.6,11.8285288799063,6.90043604651162,80.4142441860465,12.6853197674418,,2299355.0,56.42
2014,Apr,"4,677",100.066,6.2,54725.0,55365.0,21.6471378461079,2.88055810813345,30.5282258064516,30.2,7.7,92.3,11.157144407859,6.53032260412307,80.5072872504958,12.9623901453811,,2280830.0,56.5
2015,Apr,"4,543",99.945,5.4,53981.0,54572.0,22.7280483874025,3.02900547343336,32.4298931802863,31.2,8.2,91.8,11.144224690689,5.94506852599929,80.6411746260122,13.4137568479884,,2315840.0,56.9
2016,Apr,"4,456",100.232,4.9,53045.0,53644.0,23.7139561707035,3.34110334110334,33.5913474613501,31.7,8.3,91.7,12.3231693908964,5.85373213140723,80.8037566476822,13.3425112209104,,2378020.0,57.1
2017,Apr,"3,989",102.949,4.4,51415.0,51937.0,24.2762897754469,3.94683523786368,35.0991239210452,32.6,8.3,91.7,11.9845649094027,5.68700058468134,80.6548431105047,13.6581563048138,,2343095.0,56.7
2018,Apr,"4,187",105.401,4.1,49977.0,50559.0,24.8405695815497,5.3534707307042,33.9263613861386,33.5,8.6,91.4,11.6159963032135,5.17785228242109,81.0740571745987,13.7480905429801,,2383970.0,56.43
2019,Apr,"3,999",107.633,3.8,48088.0,48648.0,25.0352026105808,5.46910311874475,34.3183636155867,34.4,8.4,91.6,11.315492790601,5.25621741907568,80.870747738652,13.8730348422722,,2552000.0,56.5
2020,Apr,18,108.459,4.6,45715.0,46188.0,25.9100002299432,6.30839022637441,34.3754498776332,36.0,8.1,91.9,10.7856438085841,4.95380210818548,80.4016830781243,14.6445148136901,,2751865.0,56.2
2021,Apr,"3,884",110.114,4.6,47113.0,47571.0,27.2210821903013,7.94460330331612,34.3500834414982,37.5,8.1,91.9,9.46133194769204,4.78096040438079,80.4001684919966,14.8188711036225,,2865194.0,56.7
2022,Apr,"3,423",120.036,3.8,44714.0,45217.0,27.918132395267,8.14410529389304,35.2116466846097,39.2,8.4,91.6,9.31029408673351,4.99867056633874,81.0489231587343,13.9524062749268,,2937155.0,56.9
2023,Apr,"3,337",130.429,4.1,,,,,,,,,,,,,,,
2020,Apr,,108.459,4.6,45715.0,46188.0,25.9100002299432,6.30839022637441,34.3754498776332,36.0,8.1,91.9,10.7856438085841,4.95380210818548,80.4016830781243,14.6445148136901,,2751865.0,56.2
2024,Apr,,133.472,4.3,,,,,,,,,,,,,,,
1954,May,"8,304",,,,,,,,,,,,,,,,,
1955,May,"8,029",,,,,,,,,,,,,,,,,
1956,May,"8,730",,,,,,,,,,,,,,,,,
1957,May,"8,620",,,,,,,,,,,,,,,,,
1958,May,"9,037",,,,,,,,,,,,,,,,,
1959,May,"8,799",,,,,,,,,,,,,,,,,
1960,May,"8,972",,,,,,,,,,,,,,,,,
1961,May,"9,070",,,,,,,,,,,,,,,,,
1962,May,"9,369",,,,,,,,,,,,,,,,,
1963,May,"9,089",,,,,,,,,,,,,,,,,
1964,May,"8,951",,,,,,,,,,,,,,,,,
1965,May,"8,611",,,,,,,,,,,,,,,,,
1966,May,"8,191",,,,,,,,,,,,,,,,,
1967,May,"8,802",,,,,,,,,,,,,,,,,
1968,May,"8,373",,,,,,,,,,,,,,,,,
1969,May,"7,854",,,,,,,,,,,,,,,,,
1970,May,"7,317",,,,,,,,,,,,,,,,,
1971,May,"7,465",,4.1,,,,,,,,,,,,,,,
1972,May,"7,004",,4.3,,,,,,,,,,,,,,,
1973,May,"6,507",,3.7,,,,,,,,,,,,,,,
1974,May,"6,027",,3.7,,,,,,,,,,,,,,,
1975,May,"5,807",,4.5,,,,,,,,,,,,,,,
1976,May,"5,388",,5.4,,,,,,,,,,,,,,,
1977,May,"5,334",,5.6,,,,,,,,,,,,,,,
1978,May,"5,555",,5.5,,,,,,,,,,,,,,,
1979,May,"6,010",,5.4,,,,,,,,,,,,,,,
1980,May,"5,868",,6.8,,,,,,,,,,,,,,,
1981,May,"5,610",,9.6,,,,,,,,,,,,,,,
1982,May,"5,239",,10.7,,,,,,,,,,,,,,,
1983,May,"5,370",,11.5,,,,,,,,,,,,,,,
1984,May,"5,448",,11.8,,,,,,,,,,,,,,,
1985,May,"5,615",,11.4,,,,,,,,,,,,,,,
1986,May,"5,592",,11.3,,,,,,,,,,,,,,,
1987,May,"5,364",,10.4,,,,,,,,,,,,,,,
1988,May,"5,471",,8.6,,,,,,,,,,,,,,,
1989,May,"5,582",,7.2,,,,,,,,,,,,,,,
1990,May,"5,624",,7.1,,,,,,,,,,,,,,,
1991,May,"5,645",,8.9,,,,,,,,,,,,,,,
1992,May,"5,218",,9.9,,,,,,,,,,,,,,,
1993,May,"5,014",,10.4,,,,,,,,,,,,,,,
1994,May,"5,188",,9.5,,,,,,,,,,,,,,,
1995,May,"5,211",,8.6,,,,,,,,,,,,,,,
1996,May,"4,864",,8.1,,,,,,,,,,,,,,,
1997,May,"4,942",,6.9,,,,,,,,,,,,,,,
1998,May,"4,485",71.449,6.2,,,,,,,,,,,,,,1845757.0,0.539
1999,May,"4,366",72.382,6.0,,,,,,,,,,,,,,1856330.0,0.546
2000,May,"4,773",72.771,5.4,,,,,,,,,,,,,,1990625.0,0.558
2001,May,"4,600",73.98,5.1,,,,,,,,,,,,,,2086075.0,0.562
2002,May,"4,460",74.592,5.2,,,,,,,,,,,,,,2175115.0,0.566
2003,May,"4,272",75.528,5.0,,,,,,,,,,,,,,2247440.0,0.569
2004,May,"4,177",76.637,4.8,,,,,,,,,,,,,,2287540.0,0.571
2005,May,"4,393",78.104,4.8,,,,,,,,,,,,,,2423590.0,57.3
2006,May,"4,905",79.854,5.4,,,,,,,,,,,,,,2478425.0,57.2
2007,May,"5,022",81.849,5.3,,,,,,,,,,,,,,2399795.0,56.9
2008,May,"5,005",84.584,5.7,,,,,,,,,,,,,,2465185.0,56.6
2009,May,"4,684",86.441,7.6,,,,,,,,,,,,,,25510341.0,56.7
2010,May,"4,574",89.373,7.9,57041.0,57696.0,20.7364501448076,1.09533175740296,23.841764929631,26.5,7.1,92.9,10.7842799572899,7.53619665983819,80.1968681642998,12.2669351758619,,2560000.0,0.564
2011,May,"5,063",93.353,8.1,57371.0,57952.0,21.1977090121632,1.40390310036034,24.523047193225,27.7,7.2,92.8,10.0769550748752,7.4105445116681,79.8254105445116,12.7640449438202,,2500000.0,56.4
2012,May,"5,006",95.942,7.9,55820.0,56406.0,21.0856690023356,2.14327657075748,26.2228818027376,27.3,7.2,92.8,12.0133903920485,7.09116449439001,80.0778818969042,12.8309536087057,,2340275.0,0.562
2013,May,"4,748",98.532,7.6,54709.0,55274.0,21.5330680310782,2.60000749821917,28.5579736283114,29.3,7.4,92.6,11.8285288799063,6.90043604651162,80.4142441860465,12.6853197674418,,2299355.0,56.42
2014,May,"4,632",100.004,6.2,54725.0,55365.0,21.6471378461079,2.88055810813345,30.5282258064516,30.2,7.7,92.3,11.157144407859,6.53032260412307,80.5072872504958,12.9623901453811,,2280830.0,56.5
2015,May,"4,321",100.115,5.4,53981.0,54572.0,22.7280483874025,3.02900547343336,32.4298931802863,31.2,8.2,91.8,11.144224690689,5.94506852599929,80.6411746260122,13.4137568479884,,2315840.0,56.9
2016,May,"4,647",100.422,4.9,53045.0,53644.0,23.7139561707035,3.34110334110334,33.5913474613501,31.7,8.3,91.7,12.3231693908964,5.85373213140723,80.8037566476822,13.3425112209104,,2378020.0,57.1
2017,May,"4,466",103.309,4.4,51415.0,51937.0,24.2762897754469,3.94683523786368,35.0991239210452,32.6,8.3,91.7,11.9845649094027,5.68700058468134,80.6548431105047,13.6581563048138,,2343095.0,56.7
2018,May,"4,484",105.81,4.1,49977.0,50559.0,24.8405695815497,5.3534707307042,33.9263613861386,33.5,8.6,91.4,11.6159963032135,5.17785228242109,81.0740571745987,13.7480905429801,,2383970.0,56.43
2019,May,"4,343",107.948,3.8,48088.0,48648.0,25.0352026105808,5.46910311874475,34.3183636155867,34.4,8.4,91.6,11.315492790601,5.25621741907568,80.870747738652,13.8730348422722,,2552000.0,56.5
2020,May,52,108.466,4.6,45715.0,46188.0,25.9100002299432,6.30839022637441,34.3754498776332,36.0,8.1,91.9,10.7856438085841,4.95380210818548,80.4016830781243,14.6445148136901,,2751865.0,56.2
2021,May,"3,554",110.76,4.6,47113.0,47571.0,27.2210821903013,7.94460330331612,34.3500834414982,37.5,8.1,91.9,9.46133194769204,4.78096040438079,80.4001684919966,14.8188711036225,,2865194.0,56.7
2022,May,"4,021",120.82,3.8,44714.0,45217.0,27.918132395267,8.14410529389304,35.2116466846097,39.2,8.4,91.6,9.31029408673351,4.99867056633874,81.0489231587343,13.9524062749268,,2937155.0,56.9
2023,May,"3,693",131.308,4.1,,,,,,,,,,,,,,,
2020,May,,108.466,4.6,45715.0,46188.0,25.9100002299432,6.30839022637441,34.3754498776332,36.0,8.1,91.9,10.7856438085841,4.95380210818548,80.4016830781243,14.6445148136901,,2751865.0,56.2
2024,May,,133.921,4.3,,,,,,,,,,,,,,,
1954,June,"7,709",,,,,,,,,,,,,,,,,
1955,June,"7,761",,,,,,,,,,,,,,,,,
1956,June,"7,917",,,,,,,,,,,,,,,,,
1957,June,"7,873",,,,,,,,,,,,,,,,,
1958,June,"7,768",,,,,,,,,,,,,,,,,
1959,June,"8,488",,,,,,,,,,,,,,,,,
1960,June,"8,483",,,,,,,,,,,,,,,,,
1961,June,"8,367",,,,,,,,,,,,,,,,,
1962,June,"8,999",,,,,,,,,,,,,,,,,
1963,June,"8,433",,,,,,,,,,,,,,,,,
1964,June,"8,884",,,,,,,,,,,,,,,,,
1965,June,"8,400",,,,,,,,,,,,,,,,,
1966,June,"8,090",,,,,,,,,,,,,,,,,
1967,June,"8,131",,,,,,,,,,,,,,,,,
1968,June,"7,504",,,,,,,,,,,,,,,,,
1969,June,"7,322",,,,,,,,,,,,,,,,,
1970,June,"7,469",,,,,,,,,,,,,,,,,
1971,June,"7,290",,4.1,,,,,,,,,,,,,,,
1972,June,"6,720",,4.3,,,,,,,,,,,,,,,
1973,June,"6,149",,3.7,,,,,,,,,,,,,,,
1974,June,"5,347",,3.7,,,,,,,,,,,,,,,
1975,June,"5,495",,4.5,,,,,,,,,,,,,,,
1976,June,"5,514",,5.4,,,,,,,,,,,,,,,
1977,June,"5,209",,5.6,,,,,,,,,,,,,,,
1978,June,"5,429",,5.5,,,,,,,,,,,,,,,
1979,June,"5,666",,5.4,,,,,,,,,,,,,,,
1980,June,"5,635",,6.8,,,,,,,,,,,,,,,
1981,June,"5,767",,9.6,,,,,,,,,,,,,,,
1982,June,"5,366",,10.7,,,,,,,,,,,,,,,
1983,June,"5,693",,11.5,,,,,,,,,,,,,,,
1984,June,"5,316",,11.8,,,,,,,,,,,,,,,
1985,June,"5,185",,11.4,,,,,,,,,,,,,,,
1986,June,"5,566",,11.3,,,,,,,,,,,,,,,
1987,June,"5,899",,10.4,,,,,,,,,,,,,,,
1988,June,"5,697",,8.6,,,,,,,,,,,,,,,
1989,June,"5,394",,7.2,,,,,,,,,,,,,,,
1990,June,"5,430",,7.1,,,,,,,,,,,,,,,
1991,June,"5,275",,8.9,,,,,,,,,,,,,,,
1992,June,"5,699",,9.9,,,,,,,,,,,,,,,
1993,June,"5,327",,10.4,,,,,,,,,,,,,,,
1994,June,"5,359",,9.5,,,,,,,,,,,,,,,
1995,June,"5,089",,8.6,,,,,,,,,,,,,,,
1996,June,"4,491",,8.1,,,,,,,,,,,,,,,
1997,June,"4,961",,6.9,,,,,,,,,,,,,,,
1998,June,"4,956",71.343,6.2,,,,,,,,,,,,,,1845757.0,0.539
1999,June,"4,834",72.306,6.0,,,,,,,,,,,,,,1856330.0,0.546
2000,June,"4,433",72.876,5.4,,,,,,,,,,,,,,1990625.0,0.558
2001,June,"4,128",74.126,5.1,,,,,,,,,,,,,,2086075.0,0.562
2002,June,"3,833",74.583,5.2,,,,,,,,,,,,,,2175115.0,0.566
2003,June,"4,389",75.408,5.0,,,,,,,,,,,,,,2247440.0,0.569
2004,June,"4,706",76.601,4.8,,,,,,,,,,,,,,2287540.0,0.571
2005,June,"4,737",78.143,4.8,,,,,,,,,,,,,,2423590.0,57.3
2006,June,"4,932",80.091,5.4,,,,,,,,,,,,,,2478425.0,57.2
2007,June,"4,675",82.028,5.3,,,,,,,,,,,,,,2399795.0,56.9
2008,June,"4,964",85.162,5.7,,,,,,,,,,,,,,2465185.0,56.6
2009,June,"5,152",86.689,7.6,,,,,,,,,,,,,,25510341.0,56.7
2010,June,"5,222",89.506,7.9,57041.0,57696.0,20.7364501448076,1.09533175740296,23.841764929631,26.5,7.1,92.9,10.7842799572899,7.53619665983819,80.1968681642998,12.2669351758619,,2560000.0,0.564
2011,June,"5,171",93.266,8.1,57371.0,57952.0,21.1977090121632,1.40390310036034,24.523047193225,27.7,7.2,92.8,10.0769550748752,7.4105445116681,79.8254105445116,12.7640449438202,,2500000.0,56.4
2012,June,"4,709",95.55,7.9,55820.0,56406.0,21.0856690023356,2.14327657075748,26.2228818027376,27.3,7.2,92.8,12.0133903920485,7.09116449439001,80.0778818969042,12.8309536087057,,2340275.0,0.562
2013,June,"4,330",98.339,7.6,54709.0,55274.0,21.5330680310782,2.60000749821917,28.5579736283114,29.3,7.4,92.6,11.8285288799063,6.90043604651162,80.4142441860465,12.6853197674418,,2299355.0,56.42
2014,June,"4,712",100.203,6.2,54725.0,55365.0,21.6471378461079,2.88055810813345,30.5282258064516,30.2,7.7,92.3,11.157144407859,6.53032260412307,80.5072872504958,12.9623901453811,,2280830.0,56.5
2015,June,"4,853",100.163,5.4,53981.0,54572.0,22.7280483874025,3.02900547343336,32.4298931802863,31.2,8.2,91.8,11.144224690689,5.94506852599929,80.6411746260122,13.4137568479884,,2315840.0,56.9
2016,June,"4,827",100.624,4.9,53045.0,53644.0,23.7139561707035,3.34110334110334,33.5913474613501,31.7,8.3,91.7,12.3231693908964,5.85373213140723,80.8037566476822,13.3425112209104,,2378020.0,57.1
2017,June,"4,500",103.284,4.4,51415.0,51937.0,24.2762897754469,3.94683523786368,35.0991239210452,32.6,8.3,91.7,11.9845649094027,5.68700058468134,80.6548431105047,13.6581563048138,,2343095.0,56.7
2018,June,"4,286",105.811,4.1,49977.0,50559.0,24.8405695815497,5.3534707307042,33.9263613861386,33.5,8.6,91.4,11.6159963032135,5.17785228242109,81.0740571745987,13.7480905429801,,2383970.0,56.43
2019,June,"3,884",107.933,3.8,48088.0,48648.0,25.0352026105808,5.46910311874475,34.3183636155867,34.4,8.4,91.6,11.315492790601,5.25621741907568,80.870747738652,13.8730348422722,,2552000.0,56.5
2020,June,"1,078",108.584,4.6,45715.0,46188.0,25.9100002299432,6.30839022637441,34.3754498776332,36.0,8.1,91.9,10.7856438085841,4.95380210818548,80.4016830781243,14.6445148136901,,2751865.0,56.2
2021,June,"4,003",111.314,4.6,47113.0,47571.0,27.2210821903013,7.94460330331612,34.3500834414982,37.5,8.1,91.9,9.46133194769204,4.78096040438079,80.4001684919966,14.8188711036225,,2865194.0,56.7
2022,June,"3,797",121.791,3.8,44714.0,45217.0,27.918132395267,8.14410529389304,35.2116466846097,39.2,8.4,91.6,9.31029408673351,4.99867056633874,81.0489231587343,13.9524062749268,,2937155.0,56.9
2023,June,"4,028",131.473,4.1,,,,,,,,,,,,,,,
2020,June,,108.584,4.6,45715.0,46188.0,25.9100002299432,6.30839022637441,34.3754498776332,36.0,8.1,91.9,10.7856438085841,4.95380210818548,80.4016830781243,14.6445148136901,,2751865.0,56.2
2024,June,,134.07,4.3,,,,,,,,,,,,,,,
1954,July,"8,173",,,,,,,,,,,,,,,,,
1955,July,"7,783",,,,,,,,,,,,,,,,,
1956,July,"7,862",,,,,,,,,,,,,,,,,
1957,July,"8,383",,,,,,,,,,,,,,,,,
1958,July,"7,821",,,,,,,,,,,,,,,,,
1959,July,"8,587",,,,,,,,,,,,,,,,,
1960,July,"8,483",,,,,,,,,,,,,,,,,
1961,July,"8,426",,,,,,,,,,,,,,,,,
1962,July,"8,780",,,,,,,,,,,,,,,,,
1963,July,"8,956",,,,,,,,,,,,,,,,,
1964,July,"9,216",,,,,,,,,,,,,,,,,
1965,July,"8,596",,,,,,,,,,,,,,,,,
1966,July,"8,064",,,,,,,,,,,,,,,,,
1967,July,"7,898",,,,,,,,,,,,,,,,,
1968,July,"8,126",,,,,,,,,,,,,,,,,
1969,July,"7,696",,,,,,,,,,,,,,,,,
1970,July,"7,721",,,,,,,,,,,,,,,,,
1971,July,"7,329",,4.1,,,,,,,,,,,,,,,
1972,July,"6,341",,4.3,,,,,,,,,,,,,,,
1973,July,"6,426",,3.7,,,,,,,,,,,,,,,
1974,July,"6,234",,3.7,,,,,,,,,,,,,,,
1975,July,"5,998",,4.5,,,,,,,,,,,,,,,
1976,July,"5,551",,5.4,,,,,,,,,,,,,,,
1977,July,"5,091",,5.6,,,,,,,,,,,,,,,
1978,July,"5,283",,5.5,,,,,,,,,,,,,,,
1979,July,"6,058",,5.4,,,,,,,,,,,,,,,
1980,July,"6,019",,6.8,,,,,,,,,,,,,,,
1981,July,"5,929",,9.6,,,,,,,,,,,,,,,
1982,July,"5,549",,10.7,,,,,,,,,,,,,,,
1983,July,"5,498",,11.5,,,,,,,,,,,,,,,
1984,July,"5,798",,11.8,,,,,,,,,,,,,,,
1985,July,"6,034",,11.4,,,,,,,,,,,,,,,
1986,July,"5,723",,11.3,,,,,,,,,,,,,,,
1987,July,"5,955",,10.4,,,,,,,,,,,,,,,
1988,July,"5,503",,8.6,,,,,,,,,,,,,,,
1989,July,"5,326",,7.2,,,,,,,,,,,,,,,
1990,July,"5,957",,7.1,,,,,,,,,,,,,,,
1991,July,"6,167",,8.9,,,,,,,,,,,,,,,
1992,July,"5,966",,9.9,,,,,,,,,,,,,,,
1993,July,"5,581",,10.4,,,,,,,,,,,,,,,
1994,July,"5,138",,9.5,,,,,,,,,,,,,,,
1995,July,"5,057",,8.6,,,,,,,,,,,,,,,
1996,July,"5,247",,8.1,,,,,,,,,,,,,,,
1997,July,"5,276",,6.9,,,,,,,,,,,,,,,
1998,July,"5,085",70.952,6.2,,,,,,,,,,,,,,1845757.0,0.539
1999,July,"4,718",71.877,6.0,,,,,,,,,,,,,,1856330.0,0.546
2000,July,"4,391",72.508,5.4,,,,,,,,,,,,,,1990625.0,0.558
2001,July,"4,582",73.559,5.1,,,,,,,,,,,,,,2086075.0,0.562
2002,July,"4,640",74.372,5.2,,,,,,,,,,,,,,2175115.0,0.566
2003,July,"4,787",75.346,5.0,,,,,,,,,,,,,,2247440.0,0.569
2004,July,"4,590",76.405,4.8,,,,,,,,,,,,,,2287540.0,0.571
2005,July,"4,437",78.193,4.8,,,,,,,,,,,,,,2423590.0,57.3
2006,July,"4,663",80.045,5.4,,,,,,,,,,,,,,2478425.0,57.2
2007,July,"5,071",81.529,5.3,,,,,,,,,,,,,,2399795.0,56.9
2008,July,"5,428",85.145,5.7,,,,,,,,,,,,,,2465185.0,56.6
2009,July,"5,335",86.658,7.6,,,,,,,,,,,,,,25510341.0,56.7
2010,July,"4,912",89.305,7.9,57041.0,57696.0,20.7364501448076,1.09533175740296,23.841764929631,26.5,7.1,92.9,10.7842799572899,7.53619665983819,80.1968681642998,12.2669351758619,,2560000.0,0.564
2011,July,"4,858",93.262,8.1,57371.0,57952.0,21.1977090121632,1.40390310036034,24.523047193225,27.7,7.2,92.8,10.0769550748752,7.4105445116681,79.8254105445116,12.7640449438202,,2500000.0,56.4
2012,July,"5,011",95.65,7.9,55820.0,56406.0,21.0856690023356,2.14327657075748,26.2228818027376,27.3,7.2,92.8,12.0133903920485,7.09116449439001,80.0778818969042,12.8309536087057,,2340275.0,0.562
2013,July,"5,173",98.295,7.6,54709.0,55274.0,21.5330680310782,2.60000749821917,28.5579736283114,29.3,7.4,92.6,11.8285288799063,6.90043604651162,80.4142441860465,12.6853197674418,,2299355.0,56.42
2014,July,"5,158",99.862,6.2,54725.0,55365.0,21.6471378461079,2.88055810813345,30.5282258064516,30.2,7.7,92.3,11.157144407859,6.53032260412307,80.5072872504958,12.9623901453811,,2280830.0,56.5
2015,July,"5,084",100.008,5.4,53981.0,54572.0,22.7280483874025,3.02900547343336,32.4298931802863,31.2,8.2,91.8,11.144224690689,5.94506852599929,80.6411746260122,13.4137568479884,,2315840.0,56.9
2016,July,"4,609",100.571,4.9,53045.0,53644.0,23.7139561707035,3.34110334110334,33.5913474613501,31.7,8.3,91.7,12.3231693908964,5.85373213140723,80.8037566476822,13.3425112209104,,2378020.0,57.1
2017,July,"4,546",103.215,4.4,51415.0,51937.0,24.2762897754469,3.94683523786368,35.0991239210452,32.6,8.3,91.7,11.9845649094027,5.68700058468134,80.6548431105047,13.6581563048138,,2343095.0,56.7
2018,July,"4,473",105.769,4.1,49977.0,50559.0,24.8405695815497,5.3534707307042,33.9263613861386,33.5,8.6,91.4,11.6159963032135,5.17785228242109,81.0740571745987,13.7480905429801,,2383970.0,56.43
2019,July,"4,588",107.949,3.8,48088.0,48648.0,25.0352026105808,5.46910311874475,34.3183636155867,34.4,8.4,91.6,11.315492790601,5.25621741907568,80.870747738652,13.8730348422722,,2552000.0,56.5
2020,July,"9,233",109.072,4.6,45715.0,46188.0,25.9100002299432,6.30839022637441,34.3754498776332,36.0,8.1,91.9,10.7856438085841,4.95380210818548,80.4016830781243,14.6445148136901,,2751865.0,56.2
2021,July,"4,014",111.297,4.6,47113.0,47571.0,27.2210821903013,7.94460330331612,34.3500834414982,37.5,8.1,91.9,9.46133194769204,4.78096040438079,80.4001684919966,14.8188711036225,,2865194.0,56.7
2022,July,"3,587",122.539,3.8,44714.0,45217.0,27.918132395267,8.14410529389304,35.2116466846097,39.2,8.4,91.6,9.31029408673351,4.99867056633874,81.0489231587343,13.9524062749268,,2937155.0,56.9
2023,July,"3,783",130.905,4.1,,,,,,,,,,,,,,,
2020,July,,109.072,4.6,45715.0,46188.0,25.9100002299432,6.30839022637441,34.3754498776332,36.0,8.1,91.9,10.7856438085841,4.95380210818548,80.4016830781243,14.6445148136901,,2751865.0,56.2
2024,July,,133.83,4.3,,,,,,,,,,,,,,,
1954,Aug,"7,557",,,,,,,,,,,,,,,,,
1955,Aug,"7,718",,,,,,,,,,,,,,,,,
1956,Aug,"7,693",,,,,,,,,,,,,,,,,
1957,Aug,"8,309",,,,,,,,,,,,,,,,,
1958,Aug,"7,709",,,,,,,,,,,,,,,,,
1959,Aug,"8,076",,,,,,,,,,,,,,,,,
1960,Aug,"8,554",,,,,,,,,,,,,,,,,
1961,Aug,"8,469",,,,,,,,,,,,,,,,,
1962,Aug,"8,572",,,,,,,,,,,,,,,,,
1963,Aug,"8,730",,,,,,,,,,,,,,,,,
1964,Aug,"8,549",,,,,,,,,,,,,,,,,
1965,Aug,"8,418",,,,,,,,,,,,,,,,,
1966,Aug,"8,526",,,,,,,,,,,,,,,,,
1967,Aug,"8,002",,,,,,,,,,,,,,,,,
1968,Aug,"7,920",,,,,,,,,,,,,,,,,
1969,Aug,"7,245",,,,,,,,,,,,,,,,,
1970,Aug,"7,021",,,,,,,,,,,,,,,,,
1971,Aug,"7,339",,4.1,,,,,,,,,,,,,,,
1972,Aug,"6,700",,4.3,,,,,,,,,,,,,,,
1973,Aug,"6,257",,3.7,,,,,,,,,,,,,,,
1974,Aug,"5,986",,3.7,,,,,,,,,,,,,,,
1975,Aug,"5,606",,4.5,,,,,,,,,,,,,,,
1976,Aug,"5,346",,5.4,,,,,,,,,,,,,,,
1977,Aug,"5,507",,5.6,,,,,,,,,,,,,,,
1978,Aug,"5,681",,5.5,,,,,,,,,,,,,,,
1979,Aug,"5,982",,5.4,,,,,,,,,,,,,,,
1980,Aug,"5,605",,6.8,,,,,,,,,,,,,,,
1981,Aug,"5,745",,9.6,,,,,,,,,,,,,,,
1982,Aug,"5,693",,10.7,,,,,,,,,,,,,,,
1983,Aug,"5,873",,11.5,,,,,,,,,,,,,,,
1984,Aug,"5,853",,11.8,,,,,,,,,,,,,,,
1985,Aug,"5,788",,11.4,,,,,,,,,,,,,,,
1986,Aug,"5,339",,11.3,,,,,,,,,,,,,,,
1987,Aug,"5,540",,10.4,,,,,,,,,,,,,,,
1988,Aug,"5,827",,8.6,,,,,,,,,,,,,,,
1989,Aug,"5,529",,7.2,,,,,,,,,,,,,,,
1990,Aug,"5,816",,7.1,,,,,,,,,,,,,,,
1991,Aug,"5,735",,8.9,,,,,,,,,,,,,,,
1992,Aug,"5,381",,9.9,,,,,,,,,,,,,,,
1993,Aug,"5,519",,10.4,,,,,,,,,,,,,,,
1994,Aug,"5,336",,9.5,,,,,,,,,,,,,,,
1995,Aug,"5,297",,8.6,,,,,,,,,,,,,,,
1996,Aug,"5,172",,8.1,,,,,,,,,,,,,,,
1997,Aug,"4,890",,6.9,,,,,,,,,,,,,,,
1998,Aug,"4,800",71.238,6.2,,,,,,,,,,,,,,1845757.0,0.539
1999,Aug,"4,789",72.097,6.0,,,,,,,,,,,,,,1856330.0,0.546
2000,Aug,"4,580",72.526,5.4,,,,,,,,,,,,,,1990625.0,0.558
2001,Aug,"4,508",73.852,5.1,,,,,,,,,,,,,,2086075.0,0.562
2002,Aug,"4,421",74.586,5.2,,,,,,,,,,,,,,2175115.0,0.566
2003,Aug,"4,491",75.623,5.0,,,,,,,,,,,,,,2247440.0,0.569
2004,Aug,"4,602",76.602,4.8,,,,,,,,,,,,,,2287540.0,0.571
2005,Aug,"5,123",78.449,4.8,,,,,,,,,,,,,,2423590.0,57.3
2006,Aug,"5,033",80.394,5.4,,,,,,,,,,,,,,2478425.0,57.2
2007,Aug,"5,296",81.818,5.3,,,,,,,,,,,,,,2399795.0,56.9
2008,Aug,"4,977",85.673,5.7,,,,,,,,,,,,,,2465185.0,56.6
2009,Aug,"4,999",87.047,7.6,,,,,,,,,,,,,,25510341.0,56.7
2010,Aug,"5,065",89.764,7.9,57041.0,57696.0,20.7364501448076,1.09533175740296,23.841764929631,26.5,7.1,92.9,10.7842799572899,7.53619665983819,80.1968681642998,12.2669351758619,,2560000.0,0.564
2011,Aug,"5,398",93.81,8.1,57371.0,57952.0,21.1977090121632,1.40390310036034,24.523047193225,27.7,7.2,92.8,10.0769550748752,7.4105445116681,79.8254105445116,12.7640449438202,,2500000.0,56.4
2012,Aug,"5,149",96.134,7.9,55820.0,56406.0,21.0856690023356,2.14327657075748,26.2228818027376,27.3,7.2,92.8,12.0133903920485,7.09116449439001,80.0778818969042,12.8309536087057,,2340275.0,0.562
2013,Aug,"4,890",98.72,7.6,54709.0,55274.0,21.5330680310782,2.60000749821917,28.5579736283114,29.3,7.4,92.6,11.8285288799063,6.90043604651162,80.4142441860465,12.6853197674418,,2299355.0,56.42
2014,Aug,"4,785",100.249,6.2,54725.0,55365.0,21.6471378461079,2.88055810813345,30.5282258064516,30.2,7.7,92.3,11.157144407859,6.53032260412307,80.5072872504958,12.9623901453811,,2280830.0,56.5
2015,Aug,"4,707",100.257,5.4,53981.0,54572.0,22.7280483874025,3.02900547343336,32.4298931802863,31.2,8.2,91.8,11.144224690689,5.94506852599929,80.6411746260122,13.4137568479884,,2315840.0,56.9
2016,Aug,"4,977",100.898,4.9,53045.0,53644.0,23.7139561707035,3.34110334110334,33.5913474613501,31.7,8.3,91.7,12.3231693908964,5.85373213140723,80.8037566476822,13.3425112209104,,2378020.0,57.1
2017,Aug,"4,997",103.785,4.4,51415.0,51937.0,24.2762897754469,3.94683523786368,35.0991239210452,32.6,8.3,91.7,11.9845649094027,5.68700058468134,80.6548431105047,13.6581563048138,,2343095.0,56.7
2018,Aug,"4,657",106.538,4.1,49977.0,50559.0,24.8405695815497,5.3534707307042,33.9263613861386,33.5,8.6,91.4,11.6159963032135,5.17785228242109,81.0740571745987,13.7480905429801,,2383970.0,56.43
2019,Aug,"4,417",108.375,3.8,48088.0,48648.0,25.0352026105808,5.46910311874475,34.3183636155867,34.4,8.4,91.6,11.315492790601,5.25621741907568,80.870747738652,13.8730348422722,,2552000.0,56.5
2020,Aug,"6,304",108.613,4.6,45715.0,46188.0,25.9100002299432,6.30839022637441,34.3754498776332,36.0,8.1,91.9,10.7856438085841,4.95380210818548,80.4016830781243,14.6445148136901,,2751865.0,56.2
2021,Aug,"4,158",112.085,4.6,47113.0,47571.0,27.2210821903013,7.94460330331612,34.3500834414982,37.5,8.1,91.9,9.46133194769204,4.78096040438079,80.4001684919966,14.8188711036225,,2865194.0,56.7
2022,Aug,"4,054",123.148,3.8,44714.0,45217.0,27.918132395267,8.14410529389304,35.2116466846097,39.2,8.4,91.6,9.31029408673351,4.99867056633874,81.0489231587343,13.9524062749268,,2937155.0,56.9
2023,Aug,"4,434",131.346,4.1,,,,,,,,,,,,,,,
2020,Aug,,108.613,4.6,45715.0,46188.0,25.9100002299432,6.30839022637441,34.3754498776332,36.0,8.1,91.9,10.7856438085841,4.95380210818548,80.4016830781243,14.6445148136901,,2751865.0,56.2
2024,Aug,,134.257,4.3,,,,,,,,,,,,,,,
1954,Sept,"7,093",,,,,,,,,,,,,,,,,
1955,Sept,"7,233",,,,,,,,,,,,,,,,,
1956,Sept,"7,099",,,,,,,,,,,,,,,,,
1957,Sept,"7,408",,,,,,,,,,,,,,,,,
1958,Sept,"8,005",,,,,,,,,,,,,,,,,
1959,Sept,"7,699",,,,,,,,,,,,,,,,,
1960,Sept,"8,018",,,,,,,,,,,,,,,,,
1961,Sept,"8,218",,,,,,,,,,,,,,,,,
1962,Sept,"8,021",,,,,,,,,,,,,,,,,
1963,Sept,"7,976",,,,,,,,,,,,,,,,,
1964,Sept,"8,206",,,,,,,,,,,,,,,,,
1965,Sept,"7,866",,,,,,,,,,,,,,,,,
1966,Sept,"8,139",,,,,,,,,,,,,,,,,
1967,Sept,"7,320",,,,,,,,,,,,,,,,,
1968,Sept,"7,567",,,,,,,,,,,,,,,,,
1969,Sept,"7,297",,,,,,,,,,,,,,,,,
1970,Sept,"6,914",,,,,,,,,,,,,,,,,
1971,Sept,"6,840",,4.1,,,,,,,,,,,,,,,
1972,Sept,"6,264",,4.3,,,,,,,,,,,,,,,
1973,Sept,"5,607",,3.7,,,,,,,,,,,,,,,
1974,Sept,"5,605",,3.7,,,,,,,,,,,,,,,
1975,Sept,"5,548",,4.5,,,,,,,,,,,,,,,
1976,Sept,"5,086",,5.4,,,,,,,,,,,,,,,
1977,Sept,"5,224",,5.6,,,,,,,,,,,,,,,
1978,Sept,"5,378",,5.5,,,,,,,,,,,,,,,
1979,Sept,"5,085",,5.4,,,,,,,,,,,,,,,
1980,Sept,"5,633",,6.8,,,,,,,,,,,,,,,
1981,Sept,"5,573",,9.6,,,,,,,,,,,,,,,
1982,Sept,"5,462",,10.7,,,,,,,,,,,,,,,
1983,Sept,"5,512",,11.5,,,,,,,,,,,,,,,
1984,Sept,"5,200",,11.8,,,,,,,,,,,,,,,
1985,Sept,"5,415",,11.4,,,,,,,,,,,,,,,
1986,Sept,"5,563",,11.3,,,,,,,,,,,,,,,
1987,Sept,"5,525",,10.4,,,,,,,,,,,,,,,
1988,Sept,"5,513",,8.6,,,,,,,,,,,,,,,
1989,Sept,"5,187",,7.2,,,,,,,,,,,,,,,
1990,Sept,"5,160",,7.1,,,,,,,,,,,,,,,
1991,Sept,"5,435",,8.9,,,,,,,,,,,,,,,
1992,Sept,"5,524",,9.9,,,,,,,,,,,,,,,
1993,Sept,"5,368",,10.4,,,,,,,,,,,,,,,
1994,Sept,"5,095",,9.5,,,,,,,,,,,,,,,
1995,Sept,"4,830",,8.6,,,,,,,,,,,,,,,
1996,Sept,"4,703",,8.1,,,,,,,,,,,,,,,
1997,Sept,"4,989",,6.9,,,,,,,,,,,,,,,
1998,Sept,"4,911",71.548,6.2,,,,,,,,,,,,,,1845757.0,0.539
1999,Sept,"4,600",72.387,6.0,,,,,,,,,,,,,,1856330.0,0.546
2000,Sept,"4,425",73.083,5.4,,,,,,,,,,,,,,1990625.0,0.558
2001,Sept,"4,076",74.054,5.1,,,,,,,,,,,,,,2086075.0,0.562
2002,Sept,"4,158",74.789,5.2,,,,,,,,,,,,,,2175115.0,0.566
2003,Sept,"4,480",75.858,5.0,,,,,,,,,,,,,,2247440.0,0.569
2004,Sept,"4,640",76.678,4.8,,,,,,,,,,,,,,2287540.0,0.571
2005,Sept,"4,666",78.565,4.8,,,,,,,,,,,,,,2423590.0,57.3
2006,Sept,"4,485",80.46,5.4,,,,,,,,,,,,,,2478425.0,57.2
2007,Sept,"4,562",81.875,5.3,,,,,,,,,,,,,,2399795.0,56.9
2008,Sept,"5,115",86.142,5.7,,,,,,,,,,,,,,2465185.0,56.6
2009,Sept,"4,924",87.083,7.6,,,,,,,,,,,,,,25510341.0,56.7
2010,Sept,"4,933",89.765,7.9,57041.0,57696.0,20.7364501448076,1.09533175740296,23.841764929631,26.5,7.1,92.9,10.7842799572899,7.53619665983819,80.1968681642998,12.2669351758619,,2560000.0,0.564
2011,Sept,"4,960",94.413,8.1,57371.0,57952.0,21.1977090121632,1.40390310036034,24.523047193225,27.7,7.2,92.8,10.0769550748752,7.4105445116681,79.8254105445116,12.7640449438202,,2500000.0,56.4
2012,Sept,"4,527",96.492,7.9,55820.0,56406.0,21.0856690023356,2.14327657075748,26.2228818027376,27.3,7.2,92.8,12.0133903920485,7.09116449439001,80.0778818969042,12.8309536087057,,2340275.0,0.562
2013,Sept,"4,445",99.07,7.6,54709.0,55274.0,21.5330680310782,2.60000749821917,28.5579736283114,29.3,7.4,92.6,11.8285288799063,6.90043604651162,80.4142441860465,12.6853197674418,,2299355.0,56.42
2014,Sept,"4,986",100.285,6.2,54725.0,55365.0,21.6471378461079,2.88055810813345,30.5282258064516,30.2,7.7,92.3,11.157144407859,6.53032260412307,80.5072872504958,12.9623901453811,,2280830.0,56.5
2015,Sept,"4,819",100.16,5.4,53981.0,54572.0,22.7280483874025,3.02900547343336,32.4298931802863,31.2,8.2,91.8,11.144224690689,5.94506852599929,80.6411746260122,13.4137568479884,,2315840.0,56.9
2016,Sept,"4,672",101.138,4.9,53045.0,53644.0,23.7139561707035,3.34110334110334,33.5913474613501,31.7,8.3,91.7,12.3231693908964,5.85373213140723,80.8037566476822,13.3425112209104,,2378020.0,57.1
2017,Sept,"4,297",104.131,4.4,51415.0,51937.0,24.2762897754469,3.94683523786368,35.0991239210452,32.6,8.3,91.7,11.9845649094027,5.68700058468134,80.6548431105047,13.6581563048138,,2343095.0,56.7
2018,Sept,"3,948",106.65,4.1,49977.0,50559.0,24.8405695815497,5.3534707307042,33.9263613861386,33.5,8.6,91.4,11.6159963032135,5.17785228242109,81.0740571745987,13.7480905429801,,2383970.0,56.43
2019,Sept,"4,147",108.479,3.8,48088.0,48648.0,25.0352026105808,5.46910311874475,34.3183636155867,34.4,8.4,91.6,11.315492790601,5.25621741907568,80.870747738652,13.8730348422722,,2552000.0,56.5
2020,Sept,"5,835",109.056,4.6,45715.0,46188.0,25.9100002299432,6.30839022637441,34.3754498776332,36.0,8.1,91.9,10.7856438085841,4.95380210818548,80.4016830781243,14.6445148136901,,2751865.0,56.2
2021,Sept,"4,377",112.415,4.6,47113.0,47571.0,27.2210821903013,7.94460330331612,34.3500834414982,37.5,8.1,91.9,9.46133194769204,4.78096040438079,80.4001684919966,14.8188711036225,,2865194.0,56.7
2022,Sept,"4,052",123.764,3.8,44714.0,45217.0,27.918132395267,8.14410529389304,35.2116466846097,39.2,8.4,91.6,9.31029408673351,4.99867056633874,81.0489231587343,13.9524062749268,,2937155.0,56.9
2023,Sept,"3,674",131.997,4.1,,,,,,,,,,,,,,,
2020,Sept,,109.056,4.6,45715.0,46188.0,25.9100002299432,6.30839022637441,34.3754498776332,36.0,8.1,91.9,10.7856438085841,4.95380210818548,80.4016830781243,14.6445148136901,,2751865.0,56.2
2024,Sept,,134.215,4.3,,,,,,,,,,,,,,,
1954,Oct,"7,532",,,,,,,,,,,,,,,,,
1955,Oct,"7,900",,,,,,,,,,,,,,,,,
1956,Oct,"8,129",,,,,,,,,,,,,,,,,
1957,Oct,"8,606",,,,,,,,,,,,,,,,,
1958,Oct,"8,941",,,,,,,,,,,,,,,,,
1959,Oct,"8,699",,,,,,,,,,,,,,,,,
1960,Oct,"8,674",,,,,,,,,,,,,,,,,
1961,Oct,"8,750",,,,,,,,,,,,,,,,,
1962,Oct,"9,372",,,,,,,,,,,,,,,,,
1963,Oct,"8,856",,,,,,,,,,,,,,,,,
1964,Oct,"9,162",,,,,,,,,,,,,,,,,
1965,Oct,"8,242",,,,,,,,,,,,,,,,,
1966,Oct,"8,221",,,,,,,,,,,,,,,,,
1967,Oct,"8,357",,,,,,,,,,,,,,,,,
1968,Oct,"7,988",,,,,,,,,,,,,,,,,
1969,Oct,"7,936",,,,,,,,,,,,,,,,,
1970,Oct,"7,382",,,,,,,,,,,,,,,,,
1971,Oct,"7,196",,4.1,,,,,,,,,,,,,,,
1972,Oct,"6,590",,4.3,,,,,,,,,,,,,,,
1973,Oct,"6,552",,3.7,,,,,,,,,,,,,,,
1974,Oct,"6,254",,3.7,,,,,,,,,,,,,,,
1975,Oct,"5,876",,4.5,,,,,,,,,,,,,,,
1976,Oct,"5,351",,5.4,,,,,,,,,,,,,,,
1977,Oct,"5,656",,5.6,,,,,,,,,,,,,,,
1978,Oct,"6,027",,5.5,,,,,,,,,,,,,,,
1979,Oct,"6,253",,5.4,,,,,,,,,,,,,,,
1980,Oct,"6,280",,6.8,,,,,,,,,,,,,,,
1981,Oct,"6,119",,9.6,,,,,,,,,,,,,,,
1982,Oct,"5,908",,10.7,,,,,,,,,,,,,,,
1983,Oct,"5,633",,11.5,,,,,,,,,,,,,,,
1984,Oct,"6,158",,11.8,,,,,,,,,,,,,,,
1985,Oct,"6,323",,11.4,,,,,,,,,,,,,,,
1986,Oct,"5,947",,11.3,,,,,,,,,,,,,,,
1987,Oct,"5,883",,10.4,,,,,,,,,,,,,,,
1988,Oct,"5,538",,8.6,,,,,,,,,,,,,,,
1989,Oct,"5,588",,7.2,,,,,,,,,,,,,,,
1990,Oct,"6,275",,7.1,,,,,,,,,,,,,,,
1991,Oct,"6,193",,8.9,,,,,,,,,,,,,,,
1992,Oct,"5,634",,9.9,,,,,,,,,,,,,,,
1993,Oct,"5,493",,10.4,,,,,,,,,,,,,,,
1994,Oct,"5,270",,9.5,,,,,,,,,,,,,,,
1995,Oct,"5,429",,8.6,,,,,,,,,,,,,,,
1996,Oct,"5,772",,8.1,,,,,,,,,,,,,,,
1997,Oct,"5,332",,6.9,,,,,,,,,,,,,,,
1998,Oct,"5,081",71.534,6.2,,,,,,,,,,,,,,1845757.0,0.539
1999,Oct,"4,503",72.33,6.0,,,,,,,,,,,,,,1856330.0,0.546
2000,Oct,"4,652",73.05,5.4,,,,,,,,,,,,,,1990625.0,0.558
2001,Oct,"4,821",73.933,5.1,,,,,,,,,,,,,,2086075.0,0.562
2002,Oct,"4,820",74.944,5.2,,,,,,,,,,,,,,2175115.0,0.566
2003,Oct,"4,719",75.959,5.0,,,,,,,,,,,,,,2247440.0,0.569
2004,Oct,"4,533",76.878,4.8,,,,,,,,,,,,,,2287540.0,0.571
2005,Oct,"4,639",78.683,4.8,,,,,,,,,,,,,,2423590.0,57.3
2006,Oct,"5,287",80.587,5.4,,,,,,,,,,,,,,2478425.0,57.2
2007,Oct,"5,404",82.274,5.3,,,,,,,,,,,,,,2399795.0,56.9
2008,Oct,"5,298",85.936,5.7,,,,,,,,,,,,,,2465185.0,56.6
2009,Oct,"5,180",87.235,7.6,,,,,,,,,,,,,,25510341.0,56.7
2010,Oct,"4,977",89.995,7.9,57041.0,57696.0,20.7364501448076,1.09533175740296,23.841764929631,26.5,7.1,92.9,10.7842799572899,7.53619665983819,80.1968681642998,12.2669351758619,,2560000.0,0.564
2011,Oct,"4,825",94.479,8.1,57371.0,57952.0,21.1977090121632,1.40390310036034,24.523047193225,27.7,7.2,92.8,10.0769550748752,7.4105445116681,79.8254105445116,12.7640449438202,,2500000.0,56.4
2012,Oct,"5,337",97.001,7.9,55820.0,56406.0,21.0856690023356,2.14327657075748,26.2228818027376,27.3,7.2,92.8,12.0133903920485,7.09116449439001,80.0778818969042,12.8309536087057,,2340275.0,0.562
2013,Oct,"5,223",99.126,7.6,54709.0,55274.0,21.5330680310782,2.60000749821917,28.5579736283114,29.3,7.4,92.6,11.8285288799063,6.90043604651162,80.4142441860465,12.6853197674418,,2299355.0,56.42
2014,Oct,"5,323",100.404,6.2,54725.0,55365.0,21.6471378461079,2.88055810813345,30.5282258064516,30.2,7.7,92.3,11.157144407859,6.53032260412307,80.5072872504958,12.9623901453811,,2280830.0,56.5
2015,Oct,"4,794",100.293,5.4,53981.0,54572.0,22.7280483874025,3.02900547343336,32.4298931802863,31.2,8.2,91.8,11.144224690689,5.94506852599929,80.6411746260122,13.4137568479884,,2315840.0,56.9
2016,Oct,"4,607",101.205,4.9,53045.0,53644.0,23.7139561707035,3.34110334110334,33.5913474613501,31.7,8.3,91.7,12.3231693908964,5.85373213140723,80.8037566476822,13.3425112209104,,2378020.0,57.1
2017,Oct,"4,650",104.242,4.4,51415.0,51937.0,24.2762897754469,3.94683523786368,35.0991239210452,32.6,8.3,91.7,11.9845649094027,5.68700058468134,80.6548431105047,13.6581563048138,,2343095.0,56.7
2018,Oct,"4,723",106.735,4.1,49977.0,50559.0,24.8405695815497,5.3534707307042,33.9263613861386,33.5,8.6,91.4,11.6159963032135,5.17785228242109,81.0740571745987,13.7480905429801,,2383970.0,56.43
2019,Oct,"4,635",108.298,3.8,48088.0,48648.0,25.0352026105808,5.46910311874475,34.3183636155867,34.4,8.4,91.6,11.315492790601,5.25621741907568,80.870747738652,13.8730348422722,,2552000.0,56.5
2020,Oct,"5,331",109.053,4.6,45715.0,46188.0,25.9100002299432,6.30839022637441,34.3754498776332,36.0,8.1,91.9,10.7856438085841,4.95380210818548,80.4016830781243,14.6445148136901,,2751865.0,56.2
2021,Oct,"4,347",113.64,4.6,47113.0,47571.0,27.2210821903013,7.94460330331612,34.3500834414982,37.5,8.1,91.9,9.46133194769204,4.78096040438079,80.4001684919966,14.8188711036225,,2865194.0,56.7
2022,Oct,"4,329",126.199,3.8,44714.0,45217.0,27.918132395267,8.14410529389304,35.2116466846097,39.2,8.4,91.6,9.31029408673351,4.99867056633874,81.0489231587343,13.9524062749268,,2937155.0,56.9
2023,Oct,"4,087",132.004,4.1,,,,,,,,,,,,,,,
2020,Oct,,109.053,4.6,45715.0,46188.0,25.9100002299432,6.30839022637441,34.3754498776332,36.0,8.1,91.9,10.7856438085841,4.95380210818548,80.4016830781243,14.6445148136901,,2751865.0,56.2
2024,Oct,,135.015,4.3,,,,,,,,,,,,,,,
1954,Nov,"6,925",,,,,,,,,,,,,,,,,
1955,Nov,"7,119",,,,,,,,,,,,,,,,,
1956,Nov,"7,222",,,,,,,,,,,,,,,,,
1957,Nov,"7,693",,,,,,,,,,,,,,,,,
1958,Nov,"7,761",,,,,,,,,,,,,,,,,
1959,Nov,"7,174",,,,,,,,,,,,,,,,,
1960,Nov,"7,886",,,,,,,,,,,,,,,,,
1961,Nov,"7,822",,,,,,,,,,,,,,,,,
1962,Nov,"8,045",,,,,,,,,,,,,,,,,
1963,Nov,"7,892",,,,,,,,,,,,,,,,,
1964,Nov,"7,817",,,,,,,,,,,,,,,,,
1965,Nov,"7,707",,,,,,,,,,,,,,,,,
1966,Nov,"7,439",,,,,,,,,,,,,,,,,
1967,Nov,"7,298",,,,,,,,,,,,,,,,,
1968,Nov,"7,109",,,,,,,,,,,,,,,,,
1969,Nov,"6,239",,,,,,,,,,,,,,,,,
1970,Nov,"6,735",,,,,,,,,,,,,,,,,
1971,Nov,"6,955",,4.1,,,,,,,,,,,,,,,
1972,Nov,"6,120",,4.3,,,,,,,,,,,,,,,
1973,Nov,"5,542",,3.7,,,,,,,,,,,,,,,
1974,Nov,"5,501",,3.7,,,,,,,,,,,,,,,
1975,Nov,"5,059",,4.5,,,,,,,,,,,,,,,
1976,Nov,"5,055",,5.4,,,,,,,,,,,,,,,
1977,Nov,"5,123",,5.6,,,,,,,,,,,,,,,
1978,Nov,"5,277",,5.5,,,,,,,,,,,,,,,
1979,Nov,"5,556",,5.4,,,,,,,,,,,,,,,
1980,Nov,"5,172",,6.8,,,,,,,,,,,,,,,
1981,Nov,"5,446",,9.6,,,,,,,,,,,,,,,
1982,Nov,"5,437",,10.7,,,,,,,,,,,,,,,
1983,Nov,"5,128",,11.5,,,,,,,,,,,,,,,
1984,Nov,"5,453",,11.8,,,,,,,,,,,,,,,
1985,Nov,"5,227",,11.4,,,,,,,,,,,,,,,
1986,Nov,"5,003",,11.3,,,,,,,,,,,,,,,
1987,Nov,"5,189",,10.4,,,,,,,,,,,,,,,
1988,Nov,"5,203",,8.6,,,,,,,,,,,,,,,
1989,Nov,"5,114",,7.2,,,,,,,,,,,,,,,
1990,Nov,"5,439",,7.1,,,,,,,,,,,,,,,
1991,Nov,"5,198",,8.9,,,,,,,,,,,,,,,
1992,Nov,"5,142",,9.9,,,,,,,,,,,,,,,
1993,Nov,"5,175",,10.4,,,,,,,,,,,,,,,
1994,Nov,"4,984",,9.5,,,,,,,,,,,,,,,
1995,Nov,"5,054",,8.6,,,,,,,,,,,,,,,
1996,Nov,"4,800",,8.1,,,,,,,,,,,,,,,
1997,Nov,"4,372",,6.9,,,,,,,,,,,,,,,
1998,Nov,"4,479",71.59,6.2,,,,,,,,,,,,,,1845757.0,0.539
1999,Nov,"4,551",72.435,6.0,,,,,,,,,,,,,,1856330.0,0.546
2000,Nov,"4,306",73.205,5.4,,,,,,,,,,,,,,1990625.0,0.558
2001,Nov,"4,258",73.788,5.1,,,,,,,,,,,,,,2086075.0,0.562
2002,Nov,"4,143",74.928,5.2,,,,,,,,,,,,,,2175115.0,0.566
2003,Nov,"3,996",75.926,5.0,,,,,,,,,,,,,,2247440.0,0.569
2004,Nov,"4,630",77.031,4.8,,,,,,,,,,,,,,2287540.0,0.571
2005,Nov,"4,513",78.679,4.8,,,,,,,,,,,,,,2423590.0,57.3
2006,Nov,"4,583",80.803,5.4,,,,,,,,,,,,,,2478425.0,57.2
2007,Nov,"4,721",82.494,5.3,,,,,,,,,,,,,,2399795.0,56.9
2008,Nov,"4,503",85.842,5.7,,,,,,,,,,,,,,2465185.0,56.6
2009,Nov,"4,645",87.48,7.6,,,,,,,,,,,,,,25510341.0,56.7
2010,Nov,"4,916",90.331,7.9,57041.0,57696.0,20.7364501448076,1.09533175740296,23.841764929631,26.5,7.1,92.9,10.7842799572899,7.53619665983819,80.1968681642998,12.2669351758619,,2560000.0,0.564
2011,Nov,"4,710",94.634,8.1,57371.0,57952.0,21.1977090121632,1.40390310036034,24.523047193225,27.7,7.2,92.8,10.0769550748752,7.4105445116681,79.8254105445116,12.7640449438202,,2500000.0,56.4
2012,Nov,"4,918",97.154,7.9,55820.0,56406.0,21.0856690023356,2.14327657075748,26.2228818027376,27.3,7.2,92.8,12.0133903920485,7.09116449439001,80.0778818969042,12.8309536087057,,2340275.0,0.562
2013,Nov,"4,462",99.179,7.6,54709.0,55274.0,21.5330680310782,2.60000749821917,28.5579736283114,29.3,7.4,92.6,11.8285288799063,6.90043604651162,80.4142441860465,12.6853197674418,,2299355.0,56.42
2014,Nov,"4,288",100.142,6.2,54725.0,55365.0,21.6471378461079,2.88055810813345,30.5282258064516,30.2,7.7,92.3,11.157144407859,6.53032260412307,80.5072872504958,12.9623901453811,,2280830.0,56.5
2015,Nov,"4,396",100.253,5.4,53981.0,54572.0,22.7280483874025,3.02900547343336,32.4298931802863,31.2,8.2,91.8,11.144224690689,5.94506852599929,80.6411746260122,13.4137568479884,,2315840.0,56.9
2016,Nov,"4,404",101.421,4.9,53045.0,53644.0,23.7139561707035,3.34110334110334,33.5913474613501,31.7,8.3,91.7,12.3231693908964,5.85373213140723,80.8037566476822,13.3425112209104,,2378020.0,57.1
2017,Nov,"4,387",104.557,4.4,51415.0,51937.0,24.2762897754469,3.94683523786368,35.0991239210452,32.6,8.3,91.7,11.9845649094027,5.68700058468134,80.6548431105047,13.6581563048138,,2343095.0,56.7
2018,Nov,"4,337",106.972,4.1,49977.0,50559.0,24.8405695815497,5.3534707307042,33.9263613861386,33.5,8.6,91.4,11.6159963032135,5.17785228242109,81.0740571745987,13.7480905429801,,2383970.0,56.43
2019,Nov,"3,805",108.549,3.8,48088.0,48648.0,25.0352026105808,5.46910311874475,34.3183636155867,34.4,8.4,91.6,11.315492790601,5.25621741907568,80.870747738652,13.8730348422722,,2552000.0,56.5
2020,Nov,"4,472",108.891,4.6,45715.0,46188.0,25.9100002299432,6.30839022637441,34.3754498776332,36.0,8.1,91.9,10.7856438085841,4.95380210818548,80.4016830781243,14.6445148136901,,2751865.0,56.2
2021,Nov,"4,450",114.477,4.6,47113.0,47571.0,27.2210821903013,7.94460330331612,34.3500834414982,37.5,8.1,91.9,9.46133194769204,4.78096040438079,80.4001684919966,14.8188711036225,,2865194.0,56.7
2022,Nov,"4,498",126.694,3.8,44714.0,45217.0,27.918132395267,8.14410529389304,35.2116466846097,39.2,8.4,91.6,9.31029408673351,4.99867056633874,81.0489231587343,13.9524062749268,,2937155.0,56.9
2023,Nov,"4,190",131.687,4.1,,,,,,,,,,,,,,,
2020,Nov,,108.891,4.6,45715.0,46188.0,25.9100002299432,6.30839022637441,34.3754498776332,36.0,8.1,91.9,10.7856438085841,4.95380210818548,80.4016830781243,14.6445148136901,,2751865.0,56.2
2024,Nov,,135.14,4.3,,,,,,,,,,,,,,,
1954,Dec,"7,482",,,,,,,,,,,,,,,,,
1955,Dec,"7,733",,,,,,,,,,,,,,,,,
1956,Dec,"7,825",,,,,,,,,,,,,,,,,
1957,Dec,"7,845",,,,,,,,,,,,,,,,,
1958,Dec,"8,556",,,,,,,,,,,,,,,,,
1959,Dec,"7,682",,,,,,,,,,,,,,,,,
1960,Dec,"8,271",,,,,,,,,,,,,,,,,
1961,Dec,"7,991",,,,,,,,,,,,,,,,,
1962,Dec,"8,141",,,,,,,,,,,,,,,,,
1963,Dec,"7,982",,,,,,,,,,,,,,,,,
1964,Dec,"8,492",,,,,,,,,,,,,,,,,
1965,Dec,"8,347",,,,,,,,,,,,,,,,,
1966,Dec,"7,857",,,,,,,,,,,,,,,,,
1967,Dec,"7,546",,,,,,,,,,,,,,,,,
1968,Dec,"7,643",,,,,,,,,,,,,,,,,
1969,Dec,"7,365",,,,,,,,,,,,,,,,,
1970,Dec,"7,455",,,,,,,,,,,,,,,,,
1971,Dec,"6,848",,4.1,,,,,,,,,,,,,,,
1972,Dec,"6,100",,4.3,,,,,,,,,,,,,,,
1973,Dec,"5,817",,3.7,,,,,,,,,,,,,,,
1974,Dec,"5,697",,3.7,,,,,,,,,,,,,,,
1975,Dec,"5,838",,4.5,,,,,,,,,,,,,,,
1976,Dec,"4,874",,5.4,,,,,,,,,,,,,,,
1977,Dec,"4,903",,5.6,,,,,,,,,,,,,,,
1978,Dec,"5,038",,5.5,,,,,,,,,,,,,,,
1979,Dec,"5,322",,5.4,,,,,,,,,,,,,,,
1980,Dec,"5,997",,6.8,,,,,,,,,,,,,,,
1981,Dec,"5,591",,9.6,,,,,,,,,,,,,,,
1982,Dec,"5,309",,10.7,,,,,,,,,,,,,,,
1983,Dec,"5,050",,11.5,,,,,,,,,,,,,,,
1984,Dec,"5,059",,11.8,,,,,,,,,,,,,,,
1985,Dec,"5,340",,11.4,,,,,,,,,,,,,,,
1986,Dec,"5,556",,11.3,,,,,,,,,,,,,,,
1987,Dec,"5,336",,10.4,,,,,,,,,,,,,,,
1988,Dec,"5,165",,8.6,,,,,,,,,,,,,,,
1989,Dec,"4,891",,7.2,,,,,,,,,,,,,,,
1990,Dec,"4,838",,7.1,,,,,,,,,,,,,,,
1991,Dec,"5,281",,8.9,,,,,,,,,,,,,,,
1992,Dec,"5,221",,9.9,,,,,,,,,,,,,,,
1993,Dec,"4,798",,10.4,,,,,,,,,,,,,,,
1994,Dec,"4,695",,9.5,,,,,,,,,,,,,,,
1995,Dec,"4,341",,8.6,,,,,,,,,,,,,,,
1996,Dec,"4,833",,8.1,,,,,,,,,,,,,,,
1997,Dec,"4,895",,6.9,,,,,,,,,,,,,,,
1998,Dec,"4,564",71.808,6.2,,,,,,,,,,,,,,1845757.0,0.539
1999,Dec,"4,210",72.615,6.0,,,,,,,,,,,,,,1856330.0,0.546
2000,Dec,"3,827",73.2,5.4,,,,,,,,,,,,,,1990625.0,0.558
2001,Dec,"3,850",73.975,5.1,,,,,,,,,,,,,,2086075.0,0.562
2002,Dec,"4,089",75.204,5.2,,,,,,,,,,,,,,2175115.0,0.566
2003,Dec,"4,290",76.159,5.0,,,,,,,,,,,,,,2247440.0,0.569
2004,Dec,"4,162",77.433,4.8,,,,,,,,,,,,,,2287540.0,0.571
2005,Dec,"4,095",78.918,4.8,,,,,,,,,,,,,,2423590.0,57.3
2006,Dec,"4,032",81.274,5.4,,,,,,,,,,,,,,2478425.0,57.2
2007,Dec,"4,248",82.967,5.3,,,,,,,,,,,,,,2399795.0,56.9
2008,Dec,"4,739",85.498,5.7,,,,,,,,,,,,,,2465185.0,56.6
2009,Dec,"4,592",87.972,7.6,,,,,,,,,,,,,,25510341.0,56.7
2010,Dec,"4,577",91.23,7.9,57041.0,57696.0,20.7364501448076,1.09533175740296,23.841764929631,26.5,7.1,92.9,10.7842799572899,7.53619665983819,80.1968681642998,12.2669351758619,,2560000.0,0.564
2011,Dec,"4,518",95.059,8.1,57371.0,57952.0,21.1977090121632,1.40390310036034,24.523047193225,27.7,7.2,92.8,10.0769550748752,7.4105445116681,79.8254105445116,12.7640449438202,,2500000.0,56.4
2012,Dec,"3,968",97.604,7.9,55820.0,56406.0,21.0856690023356,2.14327657075748,26.2228818027376,27.3,7.2,92.8,12.0133903920485,7.09116449439001,80.0778818969042,12.8309536087057,,2340275.0,0.562
2013,Dec,"4,050",99.589,7.6,54709.0,55274.0,21.5330680310782,2.60000749821917,28.5579736283114,29.3,7.4,92.6,11.8285288799063,6.90043604651162,80.4142441860465,12.6853197674418,,2299355.0,56.42
2014,Dec,"4,234",100.134,6.2,54725.0,55365.0,21.6471378461079,2.88055810813345,30.5282258064516,30.2,7.7,92.3,11.157144407859,6.53032260412307,80.5072872504958,12.9623901453811,,2280830.0,56.5
2015,Dec,"4,262",100.336,5.4,53981.0,54572.0,22.7280483874025,3.02900547343336,32.4298931802863,31.2,8.2,91.8,11.144224690689,5.94506852599929,80.6411746260122,13.4137568479884,,2315840.0,56.9
2016,Dec,"3,982",101.9,4.9,53045.0,53644.0,23.7139561707035,3.34110334110334,33.5913474613501,31.7,8.3,91.7,12.3231693908964,5.85373213140723,80.8037566476822,13.3425112209104,,2378020.0,57.1
2017,Dec,"3,777",104.929,4.4,51415.0,51937.0,24.2762897754469,3.94683523786368,35.0991239210452,32.6,8.3,91.7,11.9845649094027,5.68700058468134,80.6548431105047,13.6581563048138,,2343095.0,56.7
2018,Dec,"3,522",107.137,4.1,49977.0,50559.0,24.8405695815497,5.3534707307042,33.9263613861386,33.5,8.6,91.4,11.6159963032135,5.17785228242109,81.0740571745987,13.7480905429801,,2383970.0,56.43
2019,Dec,"3,427",108.532,3.8,48088.0,48648.0,25.0352026105808,5.46910311874475,34.3183636155867,34.4,8.4,91.6,11.315492790601,5.25621741907568,80.870747738652,13.8730348422722,,2552000.0,56.5
2020,Dec,"3,464",109.171,4.6,45715.0,46188.0,25.9100002299432,6.30839022637441,34.3754498776332,36.0,8.1,91.9,10.7856438085841,4.95380210818548,80.4016830781243,14.6445148136901,,2751865.0,56.2
2021,Dec,"3,488",115.051,4.6,47113.0,47571.0,27.2210821903013,7.94460330331612,34.3500834414982,37.5,8.1,91.9,9.46133194769204,4.78096040438079,80.4001684919966,14.8188711036225,,2865194.0,56.7
2022,Dec,"3,072",127.164,3.8,44714.0,45217.0,27.918132395267,8.14410529389304,35.2116466846097,39.2,8.4,91.6,9.31029408673351,4.99867056633874,81.0489231587343,13.9524062749268,,2937155.0,56.9
2023,Dec,"3,059",132.242,4.1,,,,,,,,,,,,,,,
2020,Dec,,109.171,4.6,45715.0,46188.0,25.9100002299432,6.30839022637441,34.3754498776332,36.0,8.1,91.9,10.7856438085841,4.95380210818548,80.4016830781243,14.6445148136901,,2751865.0,56.2
2024,Dec,,135.552,4.3,,,,,,,,,,,,,,,
